{
  "clip": 5.0,
  "columns": [
    "logret_1",
    "logret_5",
    "logret_15",
    "rsi",
    "atr_pct",
    "macd_hist",
    "bb_width",
    "bb_pos",
    "rvol",
    "vol_z"
  ],
  "mean": [
    0.0004729864712899555,
    0.0023536919120559717,
    0.00701692644633986,
    55.51001561866009,
    0.012784161844174809,
    1.1626680555550958e-06,
    0.0672908730922315,
    0.17322782168150613,
    0.009203453734924828,
    0.007273017852113332
  ],
  "std": [
    0.01104974994714413,
    0.02439266175690023,
    0.04505130545186516,
    12.725334715806596,
    0.006810935913072669,
    0.004078476477734494,
    0.05202322043778391,
    0.6345024089790885,
    0.006050489077031265,
    1.0319745613404812
  ]
}